{"cameraMode":{"drawMode":0,"name":"Shaded","section":"Shading Mode"},"sceneLighting":true,"audioPlay":false,"sceneViewState":{"showFog":true,"showMaterialUpdate":false,"showSkybox":true,"showFlares":true,"showImageEffects":true,"showParticleSystems":true},"in2DMode":false,"pivot":{"x":-0.09863123297691345,"y":0.2918383777141571,"z":-0.019856899976730348},"rotation":{"x":-0.34347862005233767,"y":0.40971794724464419,"z":-0.17000405490398408,"w":-0.8278011679649353},"size":7.188972473144531,"orthographic":false}